starting_order,greedy_order,best_order,spearman_greedy,spearman_best,kendall_greedy,kendall_best
[5 1 2 0 4 3 6 7],[5 1 2 0 4 3 6 7],[5 1 2 4 3 7 6 0],0.5476190476190477,0.04761904761904763,0.42857142857142855,0.07142857142857142
[5 1 2 4 3 0 6 7],[5 1 2 4 3 0 6 7],[5 1 2 4 3 7 6 0],0.38095238095238104,0.04761904761904763,0.2857142857142857,0.07142857142857142
[5 1 2 0 4 3 6 7],[5 1 2 0 4 3 6 7],[5 1 2 4 3 7 6 0],0.5476190476190477,0.04761904761904763,0.42857142857142855,0.07142857142857142
[5 1 2 4 3 7 6 0],[5 1 2 4 3 7 6 0],[5 1 2 4 3 7 6 0],0.04761904761904763,0.04761904761904763,0.07142857142857142,0.07142857142857142
[2 1 5 0 4 3 6 7],[2 1 5 0 4 3 6 7],[5 1 2 4 3 7 6 0],0.6904761904761906,0.04761904761904763,0.4999999999999999,0.07142857142857142
[5 1 2 3 4 0 6 7],[5 1 2 3 4 0 6 7],[5 1 2 4 3 7 6 0],0.4047619047619048,0.04761904761904763,0.3571428571428571,0.07142857142857142
[5 1 2 0 4 3 7 6],[5 1 2 0 4 3 7 6],[5 1 2 4 3 7 6 0],0.523809523809524,0.04761904761904763,0.3571428571428571,0.07142857142857142
[5 1 2 0 6 4 3 7],[5 1 2 0 6 4 3 7],[5 1 2 4 3 7 6 0],0.4285714285714286,0.04761904761904763,0.2857142857142857,0.07142857142857142
